drop table if exists t1;
CREATE TABLE t1 SELECT _utf8'test' as c1, _utf8'тест' as c2;
SHOW CREATE TABLE t1;
Table	Create Table
t1	CREATE TABLE `t1` (
  `c1` varchar(4) CHARACTER SET utf8 NOT NULL DEFAULT '',
  `c2` varchar(4) CHARACTER SET utf8 NOT NULL DEFAULT ''
) ENGINE=InnoDB DEFAULT CHARSET=utf8mb4 COLLATE=utf8mb4_unicode_ci
DELETE FROM t1;
ALTER TABLE t1 ADD c3 CHAR(4) CHARACTER SET utf8;
SHOW CREATE TABLE t1;
Table	Create Table
t1	CREATE TABLE `t1` (
  `c1` varchar(4) CHARACTER SET utf8 NOT NULL DEFAULT '',
  `c2` varchar(4) CHARACTER SET utf8 NOT NULL DEFAULT '',
  `c3` char(4) CHARACTER SET utf8 DEFAULT NULL
) ENGINE=InnoDB DEFAULT CHARSET=utf8mb4 COLLATE=utf8mb4_unicode_ci
INSERT INTO t1 VALUES ('aaaabbbbccccdddd','aaaabbbbccccdddd','aaaabbbbccccdddd');
SELECT * FROM t1;
c1	c2	c3
aaaa	aaaa	aaaa
DROP TABLE t1;
CREATE TABLE t1 (a CHAR(4) CHARACTER SET utf8, KEY key_a(a(3)));
SHOW CREATE TABLE t1;
Table	Create Table
t1	CREATE TABLE `t1` (
  `a` char(4) CHARACTER SET utf8 DEFAULT NULL,
  KEY `key_a` (`a`(3))
) ENGINE=InnoDB DEFAULT CHARSET=utf8mb4 COLLATE=utf8mb4_unicode_ci
SHOW KEYS FROM t1;
Table	Non_unique	Key_name	Seq_in_index	Column_name	Collation	Cardinality	Sub_part	Packed	Null	Index_type	Comment	Index_comment
t1	1	key_a	1	a	A	0	3	NULL	YES	BTREE		
ALTER TABLE t1 CHANGE a a CHAR(4);
SHOW CREATE TABLE t1;
Table	Create Table
t1	CREATE TABLE `t1` (
  `a` char(4) COLLATE utf8mb4_unicode_ci DEFAULT NULL,
  KEY `key_a` (`a`(3))
) ENGINE=InnoDB DEFAULT CHARSET=utf8mb4 COLLATE=utf8mb4_unicode_ci
SHOW KEYS FROM t1;
Table	Non_unique	Key_name	Seq_in_index	Column_name	Collation	Cardinality	Sub_part	Packed	Null	Index_type	Comment	Index_comment
t1	1	key_a	1	a	A	0	3	NULL	YES	BTREE		
ALTER TABLE t1 CHANGE a a CHAR(4) CHARACTER SET utf8;
SHOW CREATE TABLE t1;
Table	Create Table
t1	CREATE TABLE `t1` (
  `a` char(4) CHARACTER SET utf8 DEFAULT NULL,
  KEY `key_a` (`a`(3))
) ENGINE=InnoDB DEFAULT CHARSET=utf8mb4 COLLATE=utf8mb4_unicode_ci
SHOW KEYS FROM t1;
Table	Non_unique	Key_name	Seq_in_index	Column_name	Collation	Cardinality	Sub_part	Packed	Null	Index_type	Comment	Index_comment
t1	1	key_a	1	a	A	0	3	NULL	YES	BTREE		
DROP TABLE t1;
