DROP TABLE IF EXISTS таблица, t1, t2;
SET NAMES koi8r;
SELECT hex('тест');
hex('тест')
D4C5D3D4
SET character_set_connection=cp1251;
SELECT hex('тест');
hex('тест')
F2E5F1F2
SET NAMES binary;
CREATE TABLE `я┌п╣я│я┌` (`я┌п╣я│я┌` int);
SHOW CREATE TABLE `я┌п╣я│я┌`;
Table	Create Table
я┌п╣я│я┌	CREATE TABLE `я┌п╣я│я┌` (
  `я┌п╣я│я┌` int(11) DEFAULT NULL
) ENGINE=InnoDB DEFAULT CHARSET=utf8mb4 COLLATE=utf8mb4_unicode_ci
SET NAMES utf8;
SHOW CREATE TABLE `я┌п╣я│я┌`;
Table	Create Table
я┌п╣я│я┌	CREATE TABLE `я┌п╣я│я┌` (
  `я┌п╣я│я┌` int(11) DEFAULT NULL
) ENGINE=InnoDB DEFAULT CHARSET=utf8mb4 COLLATE=utf8mb4_unicode_ci
DROP TABLE `я┌п╣я│я┌`;
SET NAMES binary;
SET character_set_connection=utf8;
SELECT 'я┌п╣я│я┌' as s;
s
я┌п╣я│я┌
SET NAMES utf8;
SET character_set_connection=binary;
SELECT 'я┌п╣я│я┌' as s;
s
я┌п╣я│я┌
SET NAMES latin1;
CREATE TABLE t1 (`Д` CHAR(128) DEFAULT 'Д', `Д1` ENUM('Д1','Д2') DEFAULT 'Д2');
SHOW CREATE TABLE t1;
Table	Create Table
t1	CREATE TABLE `t1` (
  `Д` char(128) COLLATE utf8mb4_unicode_ci DEFAULT 'Д',
  `Д1` enum('Д1','Д2') COLLATE utf8mb4_unicode_ci DEFAULT 'Д2'
) ENGINE=InnoDB DEFAULT CHARSET=utf8mb4 COLLATE=utf8mb4_unicode_ci
SHOW COLUMNS FROM t1;
Field	Type	Null	Key	Default	Extra
Д	char(128)	YES		Д	
Д1	enum('Д1','Д2')	YES		Д2	
SET NAMES binary;
SHOW CREATE TABLE t1;
Table	Create Table
t1	CREATE TABLE `t1` (
  `ц╓` char(128) COLLATE utf8mb4_unicode_ci DEFAULT 'ц╓',
  `ц╓1` enum('ц╓1','ц╓2') COLLATE utf8mb4_unicode_ci DEFAULT 'ц╓2'
) ENGINE=InnoDB DEFAULT CHARSET=utf8mb4 COLLATE=utf8mb4_unicode_ci
SHOW COLUMNS FROM t1;
Field	Type	Null	Key	Default	Extra
ц╓	char(128)	YES		ц╓	
ц╓1	enum('ц╓1','ц╓2')	YES		ц╓2	
DROP TABLE t1;
SET NAMES binary;
CREATE TABLE `goodплохо` (a int);
ERROR HY000: Invalid utf8 character string: 'good\xD0\xCC\xCF\xC8\xCF'
SET NAMES utf8;
CREATE TABLE `goodплохо` (a int);
ERROR HY000: Invalid utf8 character string: 'good\xD0\xCC\xCF\xC8\xCF'
set names latin1;
create table t1 (a char(10) character set koi8r, b text character set koi8r);
insert into t1 values ('test','test');
insert into t1 values ('йцук','йцук');
drop table t1;
set names koi8r;
create table t1 (a char(10) character set cp1251);
insert into t1 values (_koi8r'вася');
select * from t1 where a=_koi8r'вася';
a
вася
select * from t1 where a=concat(_koi8r'вася');
a
вася
select * from t1 where a=_latin1'вася';
ERROR HY000: Illegal mix of collations (cp1251_general_ci,IMPLICIT) and (latin1_swedish_ci,COERCIBLE) for operation '='
drop table t1;
set names latin1;
set names ascii;
create table t1 (a char(1) character set latin1);
insert into t1 values ('a');
select * from t1 where a='a';
a
a
drop table t1;
set names latin1;
create table t1 (a char(10) character set utf8 collate utf8_bin);
insert into t1 values ('       xxx');
select * from t1 where a=lpad('xxx',10,' ');
a
       xxx
drop table t1;
set names koi8r;
create table t1 (c1 char(10) character set cp1251);
insert into t1 values ('ъ');
select c1 from t1 where c1 between 'ъ' and 'ъ';
c1
ъ
select ifnull(c1,'ъ'), ifnull(null,c1) from t1;
ifnull(c1,'ъ')	ifnull(null,c1)
ъ	ъ
select if(1,c1,'Ж'), if(0,c1,'Ж') from t1;
if(1,c1,'Ж')	if(0,c1,'Ж')
ъ	Ж
select coalesce('Ж',c1), coalesce(null,c1) from t1;
coalesce('Ж',c1)	coalesce(null,c1)
Ж	ъ
select least(c1,'Ж'), greatest(c1,'Ж') from t1;
least(c1,'Ж')	greatest(c1,'Ж')
Ж	ъ
select locate(c1,'ъ'), locate('ъ',c1) from t1;
locate(c1,'ъ')	locate('ъ',c1)
1	1
select field(c1,'ъ'),field('ъ',c1) from t1;
field(c1,'ъ')	field('ъ',c1)
1	1
select concat(c1,'Ж'), concat('Ж',c1) from t1;
concat(c1,'Ж')	concat('Ж',c1)
ъЖ	Жъ
select concat_ws(c1,'Ж','ъ'), concat_ws('Ж',c1,'ъ') from t1;
concat_ws(c1,'Ж','ъ')	concat_ws('Ж',c1,'ъ')
Жъъ	ъЖъ
select replace(c1,'ъ','Ж'), replace('ъ',c1,'Ж') from t1;
replace(c1,'ъ','Ж')	replace('ъ',c1,'Ж')
Ж	Ж
select substring_index(c1,'ЖЖъъ',2) from t1;
substring_index(c1,'ЖЖъъ',2)
ъ
select elt(1,c1,'Ж'),elt(1,'Ж',c1) from t1;
elt(1,c1,'Ж')	elt(1,'Ж',c1)
ъ	Ж
select make_set(3,c1,'Ж'), make_set(3,'Ж',c1) from t1;
make_set(3,c1,'Ж')	make_set(3,'Ж',c1)
ъ,Ж	Ж,ъ
select insert(c1,1,2,'Ж'),insert('Ж',1,2,c1) from t1;
insert(c1,1,2,'Ж')	insert('Ж',1,2,c1)
Ж	ъ
select trim(c1 from 'ъ'),trim('ъ' from c1) from t1;
trim(c1 from 'ъ')	trim('ъ' from c1)
	
select lpad(c1,3,'Ж'), lpad('Ж',3,c1) from t1;
lpad(c1,3,'Ж')	lpad('Ж',3,c1)
ЖЖъ	ъъЖ
select rpad(c1,3,'Ж'), rpad('Ж',3,c1) from t1;
rpad(c1,3,'Ж')	rpad('Ж',3,c1)
ъЖЖ	Жъъ
drop table t1;
set names koi8r;
create table t1(a char character set cp1251 default _koi8r 0xFF);
show create table t1;
Table	Create Table
t1	CREATE TABLE `t1` (
  `a` char(1) CHARACTER SET cp1251 DEFAULT 'Ъ'
) ENGINE=InnoDB DEFAULT CHARSET=utf8mb4 COLLATE=utf8mb4_unicode_ci
drop table t1;
create table t1(a char character set latin1 default _cp1251 0xFF);
ERROR 42000: Invalid default value for 'a'
End of 4.1 tests
