DROP TABLE IF EXISTS t1;
DROP VIEW IF EXISTS v1;
CREATE TABLE t1 (id INT NOT NULL AUTO_INCREMENT PRIMARY KEY, a VARBINARY(32));
INSERT INTO t1 (a) VALUES (''),('_'),('%'),('\_'),('\%'),('\\');
INSERT INTO t1 (a) VALUES ('a'),('c');
INSERT INTO t1 (a) VALUES ('a_'),('c_');
INSERT INTO t1 (a) VALUES ('a%'),('c%');
INSERT INTO t1 (a) VALUES ('aa'),('cc'),('ch');
INSERT INTO t1 (a) VALUES ('aa_'),('cc_'),('ch_');
INSERT INTO t1 (a) VALUES ('aa%'),('cc%'),('ch%');
INSERT INTO t1 (a) VALUES ('aaa'),('ccc'),('cch');
INSERT INTO t1 (a) VALUES ('aaa_'),('ccc_'),('cch_');
INSERT INTO t1 (a) VALUES ('aaa%'),('ccc%'),('cch%');
INSERT INTO t1 (a) VALUES ('aaaaaaaaaaaaaaaaaaaa');
CREATE VIEW v1 AS
SELECT id, 'a' AS name, a AS val FROM t1
UNION
SELECT id, 'sp', REPEAT('-', 32) AS sep FROM t1
ORDER BY id, name;
SELECT * FROM v1;
id	name	val
1	a	
1	sp	--------------------------------
2	a	_
2	sp	--------------------------------
3	a	%
3	sp	--------------------------------
4	a	\_
4	sp	--------------------------------
5	a	\%
5	sp	--------------------------------
6	a	\
6	sp	--------------------------------
7	a	a
7	sp	--------------------------------
8	a	c
8	sp	--------------------------------
9	a	a_
9	sp	--------------------------------
10	a	c_
10	sp	--------------------------------
11	a	a%
11	sp	--------------------------------
12	a	c%
12	sp	--------------------------------
13	a	aa
13	sp	--------------------------------
14	a	cc
14	sp	--------------------------------
15	a	ch
15	sp	--------------------------------
16	a	aa_
16	sp	--------------------------------
17	a	cc_
17	sp	--------------------------------
18	a	ch_
18	sp	--------------------------------
19	a	aa%
19	sp	--------------------------------
20	a	cc%
20	sp	--------------------------------
21	a	ch%
21	sp	--------------------------------
22	a	aaa
22	sp	--------------------------------
23	a	ccc
23	sp	--------------------------------
24	a	cch
24	sp	--------------------------------
25	a	aaa_
25	sp	--------------------------------
26	a	ccc_
26	sp	--------------------------------
27	a	cch_
27	sp	--------------------------------
28	a	aaa%
28	sp	--------------------------------
29	a	ccc%
29	sp	--------------------------------
30	a	cch%
30	sp	--------------------------------
31	a	aaaaaaaaaaaaaaaaaaaa
31	sp	--------------------------------
ALTER TABLE t1 MODIFY a VARCHAR(32) CHARACTER SET latin1;
SELECT * FROM v1;
id	name	val
1	a	
1	sp	--------------------------------
2	a	_
2	sp	--------------------------------
3	a	%
3	sp	--------------------------------
4	a	\_
4	sp	--------------------------------
5	a	\%
5	sp	--------------------------------
6	a	\
6	sp	--------------------------------
7	a	a
7	sp	--------------------------------
8	a	c
8	sp	--------------------------------
9	a	a_
9	sp	--------------------------------
10	a	c_
10	sp	--------------------------------
11	a	a%
11	sp	--------------------------------
12	a	c%
12	sp	--------------------------------
13	a	aa
13	sp	--------------------------------
14	a	cc
14	sp	--------------------------------
15	a	ch
15	sp	--------------------------------
16	a	aa_
16	sp	--------------------------------
17	a	cc_
17	sp	--------------------------------
18	a	ch_
18	sp	--------------------------------
19	a	aa%
19	sp	--------------------------------
20	a	cc%
20	sp	--------------------------------
21	a	ch%
21	sp	--------------------------------
22	a	aaa
22	sp	--------------------------------
23	a	ccc
23	sp	--------------------------------
24	a	cch
24	sp	--------------------------------
25	a	aaa_
25	sp	--------------------------------
26	a	ccc_
26	sp	--------------------------------
27	a	cch_
27	sp	--------------------------------
28	a	aaa%
28	sp	--------------------------------
29	a	ccc%
29	sp	--------------------------------
30	a	cch%
30	sp	--------------------------------
31	a	aaaaaaaaaaaaaaaaaaaa
31	sp	--------------------------------
ALTER TABLE t1 MODIFY a VARCHAR(32) CHARACTER SET utf8;
SELECT * FROM v1;
id	name	val
1	a	
1	sp	--------------------------------
2	a	_
2	sp	--------------------------------
3	a	%
3	sp	--------------------------------
4	a	\_
4	sp	--------------------------------
5	a	\%
5	sp	--------------------------------
6	a	\
6	sp	--------------------------------
7	a	a
7	sp	--------------------------------
8	a	c
8	sp	--------------------------------
9	a	a_
9	sp	--------------------------------
10	a	c_
10	sp	--------------------------------
11	a	a%
11	sp	--------------------------------
12	a	c%
12	sp	--------------------------------
13	a	aa
13	sp	--------------------------------
14	a	cc
14	sp	--------------------------------
15	a	ch
15	sp	--------------------------------
16	a	aa_
16	sp	--------------------------------
17	a	cc_
17	sp	--------------------------------
18	a	ch_
18	sp	--------------------------------
19	a	aa%
19	sp	--------------------------------
20	a	cc%
20	sp	--------------------------------
21	a	ch%
21	sp	--------------------------------
22	a	aaa
22	sp	--------------------------------
23	a	ccc
23	sp	--------------------------------
24	a	cch
24	sp	--------------------------------
25	a	aaa_
25	sp	--------------------------------
26	a	ccc_
26	sp	--------------------------------
27	a	cch_
27	sp	--------------------------------
28	a	aaa%
28	sp	--------------------------------
29	a	ccc%
29	sp	--------------------------------
30	a	cch%
30	sp	--------------------------------
31	a	aaaaaaaaaaaaaaaaaaaa
31	sp	--------------------------------
ALTER TABLE t1 MODIFY a VARCHAR(32) CHARACTER SET utf8 COLLATE utf8_unicode_ci;
SELECT * FROM v1;
id	name	val
1	a	
1	sp	--------------------------------
2	a	_
2	sp	--------------------------------
3	a	%
3	sp	--------------------------------
4	a	\_
4	sp	--------------------------------
5	a	\%
5	sp	--------------------------------
6	a	\
6	sp	--------------------------------
7	a	a
7	sp	--------------------------------
8	a	c
8	sp	--------------------------------
9	a	a_
9	sp	--------------------------------
10	a	c_
10	sp	--------------------------------
11	a	a%
11	sp	--------------------------------
12	a	c%
12	sp	--------------------------------
13	a	aa
13	sp	--------------------------------
14	a	cc
14	sp	--------------------------------
15	a	ch
15	sp	--------------------------------
16	a	aa_
16	sp	--------------------------------
17	a	cc_
17	sp	--------------------------------
18	a	ch_
18	sp	--------------------------------
19	a	aa%
19	sp	--------------------------------
20	a	cc%
20	sp	--------------------------------
21	a	ch%
21	sp	--------------------------------
22	a	aaa
22	sp	--------------------------------
23	a	ccc
23	sp	--------------------------------
24	a	cch
24	sp	--------------------------------
25	a	aaa_
25	sp	--------------------------------
26	a	ccc_
26	sp	--------------------------------
27	a	cch_
27	sp	--------------------------------
28	a	aaa%
28	sp	--------------------------------
29	a	ccc%
29	sp	--------------------------------
30	a	cch%
30	sp	--------------------------------
31	a	aaaaaaaaaaaaaaaaaaaa
31	sp	--------------------------------
ALTER TABLE t1 MODIFY a VARCHAR(32) CHARACTER SET utf8 COLLATE utf8_czech_ci;
SELECT * FROM v1;
id	name	val
1	a	
1	sp	--------------------------------
2	a	_
2	sp	--------------------------------
3	a	%
3	sp	--------------------------------
4	a	\_
4	sp	--------------------------------
5	a	\%
5	sp	--------------------------------
6	a	\
6	sp	--------------------------------
7	a	a
7	sp	--------------------------------
8	a	c
8	sp	--------------------------------
9	a	a_
9	sp	--------------------------------
10	a	c_
10	sp	--------------------------------
11	a	a%
11	sp	--------------------------------
12	a	c%
12	sp	--------------------------------
13	a	aa
13	sp	--------------------------------
14	a	cc
14	sp	--------------------------------
15	a	ch
15	sp	--------------------------------
16	a	aa_
16	sp	--------------------------------
17	a	cc_
17	sp	--------------------------------
18	a	ch_
18	sp	--------------------------------
19	a	aa%
19	sp	--------------------------------
20	a	cc%
20	sp	--------------------------------
21	a	ch%
21	sp	--------------------------------
22	a	aaa
22	sp	--------------------------------
23	a	ccc
23	sp	--------------------------------
24	a	cch
24	sp	--------------------------------
25	a	aaa_
25	sp	--------------------------------
26	a	ccc_
26	sp	--------------------------------
27	a	cch_
27	sp	--------------------------------
28	a	aaa%
28	sp	--------------------------------
29	a	ccc%
29	sp	--------------------------------
30	a	cch%
30	sp	--------------------------------
31	a	aaaaaaaaaaaaaaaaaaaa
31	sp	--------------------------------
ALTER TABLE t1 MODIFY a VARCHAR(32) CHARACTER SET utf8 COLLATE utf8_danish_ci;
SELECT * FROM v1;
id	name	val
1	a	
1	sp	--------------------------------
2	a	_
2	sp	--------------------------------
3	a	%
3	sp	--------------------------------
4	a	\_
4	sp	--------------------------------
5	a	\%
5	sp	--------------------------------
6	a	\
6	sp	--------------------------------
7	a	a
7	sp	--------------------------------
8	a	c
8	sp	--------------------------------
9	a	a_
9	sp	--------------------------------
10	a	c_
10	sp	--------------------------------
11	a	a%
11	sp	--------------------------------
12	a	c%
12	sp	--------------------------------
13	a	aa
13	sp	--------------------------------
14	a	cc
14	sp	--------------------------------
15	a	ch
15	sp	--------------------------------
16	a	aa_
16	sp	--------------------------------
17	a	cc_
17	sp	--------------------------------
18	a	ch_
18	sp	--------------------------------
19	a	aa%
19	sp	--------------------------------
20	a	cc%
20	sp	--------------------------------
21	a	ch%
21	sp	--------------------------------
22	a	aaa
22	sp	--------------------------------
23	a	ccc
23	sp	--------------------------------
24	a	cch
24	sp	--------------------------------
25	a	aaa_
25	sp	--------------------------------
26	a	ccc_
26	sp	--------------------------------
27	a	cch_
27	sp	--------------------------------
28	a	aaa%
28	sp	--------------------------------
29	a	ccc%
29	sp	--------------------------------
30	a	cch%
30	sp	--------------------------------
31	a	aaaaaaaaaaaaaaaaaaaa
31	sp	--------------------------------
ALTER TABLE t1 MODIFY a VARCHAR(32) CHARACTER SET ucs2;
SELECT * FROM v1;
id	name	val
1	a	
1	sp	--------------------------------
2	a	_
2	sp	--------------------------------
3	a	%
3	sp	--------------------------------
4	a	\_
4	sp	--------------------------------
5	a	\%
5	sp	--------------------------------
6	a	\
6	sp	--------------------------------
7	a	a
7	sp	--------------------------------
8	a	c
8	sp	--------------------------------
9	a	a_
9	sp	--------------------------------
10	a	c_
10	sp	--------------------------------
11	a	a%
11	sp	--------------------------------
12	a	c%
12	sp	--------------------------------
13	a	aa
13	sp	--------------------------------
14	a	cc
14	sp	--------------------------------
15	a	ch
15	sp	--------------------------------
16	a	aa_
16	sp	--------------------------------
17	a	cc_
17	sp	--------------------------------
18	a	ch_
18	sp	--------------------------------
19	a	aa%
19	sp	--------------------------------
20	a	cc%
20	sp	--------------------------------
21	a	ch%
21	sp	--------------------------------
22	a	aaa
22	sp	--------------------------------
23	a	ccc
23	sp	--------------------------------
24	a	cch
24	sp	--------------------------------
25	a	aaa_
25	sp	--------------------------------
26	a	ccc_
26	sp	--------------------------------
27	a	cch_
27	sp	--------------------------------
28	a	aaa%
28	sp	--------------------------------
29	a	ccc%
29	sp	--------------------------------
30	a	cch%
30	sp	--------------------------------
31	a	aaaaaaaaaaaaaaaaaaaa
31	sp	--------------------------------
ALTER TABLE t1 MODIFY a VARCHAR(32) CHARACTER SET ucs2 COLLATE ucs2_unicode_ci;
SELECT * FROM v1;
id	name	val
1	a	
1	sp	--------------------------------
2	a	_
2	sp	--------------------------------
3	a	%
3	sp	--------------------------------
4	a	\_
4	sp	--------------------------------
5	a	\%
5	sp	--------------------------------
6	a	\
6	sp	--------------------------------
7	a	a
7	sp	--------------------------------
8	a	c
8	sp	--------------------------------
9	a	a_
9	sp	--------------------------------
10	a	c_
10	sp	--------------------------------
11	a	a%
11	sp	--------------------------------
12	a	c%
12	sp	--------------------------------
13	a	aa
13	sp	--------------------------------
14	a	cc
14	sp	--------------------------------
15	a	ch
15	sp	--------------------------------
16	a	aa_
16	sp	--------------------------------
17	a	cc_
17	sp	--------------------------------
18	a	ch_
18	sp	--------------------------------
19	a	aa%
19	sp	--------------------------------
20	a	cc%
20	sp	--------------------------------
21	a	ch%
21	sp	--------------------------------
22	a	aaa
22	sp	--------------------------------
23	a	ccc
23	sp	--------------------------------
24	a	cch
24	sp	--------------------------------
25	a	aaa_
25	sp	--------------------------------
26	a	ccc_
26	sp	--------------------------------
27	a	cch_
27	sp	--------------------------------
28	a	aaa%
28	sp	--------------------------------
29	a	ccc%
29	sp	--------------------------------
30	a	cch%
30	sp	--------------------------------
31	a	aaaaaaaaaaaaaaaaaaaa
31	sp	--------------------------------
ALTER TABLE t1 MODIFY a VARCHAR(32) CHARACTER SET ucs2 COLLATE ucs2_czech_ci;
SELECT * FROM v1;
id	name	val
1	a	
1	sp	--------------------------------
2	a	_
2	sp	--------------------------------
3	a	%
3	sp	--------------------------------
4	a	\_
4	sp	--------------------------------
5	a	\%
5	sp	--------------------------------
6	a	\
6	sp	--------------------------------
7	a	a
7	sp	--------------------------------
8	a	c
8	sp	--------------------------------
9	a	a_
9	sp	--------------------------------
10	a	c_
10	sp	--------------------------------
11	a	a%
11	sp	--------------------------------
12	a	c%
12	sp	--------------------------------
13	a	aa
13	sp	--------------------------------
14	a	cc
14	sp	--------------------------------
15	a	ch
15	sp	--------------------------------
16	a	aa_
16	sp	--------------------------------
17	a	cc_
17	sp	--------------------------------
18	a	ch_
18	sp	--------------------------------
19	a	aa%
19	sp	--------------------------------
20	a	cc%
20	sp	--------------------------------
21	a	ch%
21	sp	--------------------------------
22	a	aaa
22	sp	--------------------------------
23	a	ccc
23	sp	--------------------------------
24	a	cch
24	sp	--------------------------------
25	a	aaa_
25	sp	--------------------------------
26	a	ccc_
26	sp	--------------------------------
27	a	cch_
27	sp	--------------------------------
28	a	aaa%
28	sp	--------------------------------
29	a	ccc%
29	sp	--------------------------------
30	a	cch%
30	sp	--------------------------------
31	a	aaaaaaaaaaaaaaaaaaaa
31	sp	--------------------------------
ALTER TABLE t1 MODIFY a VARCHAR(32) CHARACTER SET ucs2 COLLATE ucs2_danish_ci;
SELECT * FROM v1;
id	name	val
1	a	
1	sp	--------------------------------
2	a	_
2	sp	--------------------------------
3	a	%
3	sp	--------------------------------
4	a	\_
4	sp	--------------------------------
5	a	\%
5	sp	--------------------------------
6	a	\
6	sp	--------------------------------
7	a	a
7	sp	--------------------------------
8	a	c
8	sp	--------------------------------
9	a	a_
9	sp	--------------------------------
10	a	c_
10	sp	--------------------------------
11	a	a%
11	sp	--------------------------------
12	a	c%
12	sp	--------------------------------
13	a	aa
13	sp	--------------------------------
14	a	cc
14	sp	--------------------------------
15	a	ch
15	sp	--------------------------------
16	a	aa_
16	sp	--------------------------------
17	a	cc_
17	sp	--------------------------------
18	a	ch_
18	sp	--------------------------------
19	a	aa%
19	sp	--------------------------------
20	a	cc%
20	sp	--------------------------------
21	a	ch%
21	sp	--------------------------------
22	a	aaa
22	sp	--------------------------------
23	a	ccc
23	sp	--------------------------------
24	a	cch
24	sp	--------------------------------
25	a	aaa_
25	sp	--------------------------------
26	a	ccc_
26	sp	--------------------------------
27	a	cch_
27	sp	--------------------------------
28	a	aaa%
28	sp	--------------------------------
29	a	ccc%
29	sp	--------------------------------
30	a	cch%
30	sp	--------------------------------
31	a	aaaaaaaaaaaaaaaaaaaa
31	sp	--------------------------------
ALTER TABLE t1 MODIFY a VARCHAR(32) CHARACTER SET utf16;
SELECT * FROM v1;
id	name	val
1	a	
1	sp	--------------------------------
2	a	_
2	sp	--------------------------------
3	a	%
3	sp	--------------------------------
4	a	\_
4	sp	--------------------------------
5	a	\%
5	sp	--------------------------------
6	a	\
6	sp	--------------------------------
7	a	a
7	sp	--------------------------------
8	a	c
8	sp	--------------------------------
9	a	a_
9	sp	--------------------------------
10	a	c_
10	sp	--------------------------------
11	a	a%
11	sp	--------------------------------
12	a	c%
12	sp	--------------------------------
13	a	aa
13	sp	--------------------------------
14	a	cc
14	sp	--------------------------------
15	a	ch
15	sp	--------------------------------
16	a	aa_
16	sp	--------------------------------
17	a	cc_
17	sp	--------------------------------
18	a	ch_
18	sp	--------------------------------
19	a	aa%
19	sp	--------------------------------
20	a	cc%
20	sp	--------------------------------
21	a	ch%
21	sp	--------------------------------
22	a	aaa
22	sp	--------------------------------
23	a	ccc
23	sp	--------------------------------
24	a	cch
24	sp	--------------------------------
25	a	aaa_
25	sp	--------------------------------
26	a	ccc_
26	sp	--------------------------------
27	a	cch_
27	sp	--------------------------------
28	a	aaa%
28	sp	--------------------------------
29	a	ccc%
29	sp	--------------------------------
30	a	cch%
30	sp	--------------------------------
31	a	aaaaaaaaaaaaaaaaaaaa
31	sp	--------------------------------
ALTER TABLE t1 MODIFY a VARCHAR(32) CHARACTER SET utf16 COLLATE utf16_unicode_ci;
SELECT * FROM v1;
id	name	val
1	a	
1	sp	--------------------------------
2	a	_
2	sp	--------------------------------
3	a	%
3	sp	--------------------------------
4	a	\_
4	sp	--------------------------------
5	a	\%
5	sp	--------------------------------
6	a	\
6	sp	--------------------------------
7	a	a
7	sp	--------------------------------
8	a	c
8	sp	--------------------------------
9	a	a_
9	sp	--------------------------------
10	a	c_
10	sp	--------------------------------
11	a	a%
11	sp	--------------------------------
12	a	c%
12	sp	--------------------------------
13	a	aa
13	sp	--------------------------------
14	a	cc
14	sp	--------------------------------
15	a	ch
15	sp	--------------------------------
16	a	aa_
16	sp	--------------------------------
17	a	cc_
17	sp	--------------------------------
18	a	ch_
18	sp	--------------------------------
19	a	aa%
19	sp	--------------------------------
20	a	cc%
20	sp	--------------------------------
21	a	ch%
21	sp	--------------------------------
22	a	aaa
22	sp	--------------------------------
23	a	ccc
23	sp	--------------------------------
24	a	cch
24	sp	--------------------------------
25	a	aaa_
25	sp	--------------------------------
26	a	ccc_
26	sp	--------------------------------
27	a	cch_
27	sp	--------------------------------
28	a	aaa%
28	sp	--------------------------------
29	a	ccc%
29	sp	--------------------------------
30	a	cch%
30	sp	--------------------------------
31	a	aaaaaaaaaaaaaaaaaaaa
31	sp	--------------------------------
ALTER TABLE t1 MODIFY a VARCHAR(32) CHARACTER SET utf16 COLLATE utf16_czech_ci;
SELECT * FROM v1;
id	name	val
1	a	
1	sp	--------------------------------
2	a	_
2	sp	--------------------------------
3	a	%
3	sp	--------------------------------
4	a	\_
4	sp	--------------------------------
5	a	\%
5	sp	--------------------------------
6	a	\
6	sp	--------------------------------
7	a	a
7	sp	--------------------------------
8	a	c
8	sp	--------------------------------
9	a	a_
9	sp	--------------------------------
10	a	c_
10	sp	--------------------------------
11	a	a%
11	sp	--------------------------------
12	a	c%
12	sp	--------------------------------
13	a	aa
13	sp	--------------------------------
14	a	cc
14	sp	--------------------------------
15	a	ch
15	sp	--------------------------------
16	a	aa_
16	sp	--------------------------------
17	a	cc_
17	sp	--------------------------------
18	a	ch_
18	sp	--------------------------------
19	a	aa%
19	sp	--------------------------------
20	a	cc%
20	sp	--------------------------------
21	a	ch%
21	sp	--------------------------------
22	a	aaa
22	sp	--------------------------------
23	a	ccc
23	sp	--------------------------------
24	a	cch
24	sp	--------------------------------
25	a	aaa_
25	sp	--------------------------------
26	a	ccc_
26	sp	--------------------------------
27	a	cch_
27	sp	--------------------------------
28	a	aaa%
28	sp	--------------------------------
29	a	ccc%
29	sp	--------------------------------
30	a	cch%
30	sp	--------------------------------
31	a	aaaaaaaaaaaaaaaaaaaa
31	sp	--------------------------------
ALTER TABLE t1 MODIFY a VARCHAR(32) CHARACTER SET utf16 COLLATE utf16_danish_ci;
SELECT * FROM v1;
id	name	val
1	a	
1	sp	--------------------------------
2	a	_
2	sp	--------------------------------
3	a	%
3	sp	--------------------------------
4	a	\_
4	sp	--------------------------------
5	a	\%
5	sp	--------------------------------
6	a	\
6	sp	--------------------------------
7	a	a
7	sp	--------------------------------
8	a	c
8	sp	--------------------------------
9	a	a_
9	sp	--------------------------------
10	a	c_
10	sp	--------------------------------
11	a	a%
11	sp	--------------------------------
12	a	c%
12	sp	--------------------------------
13	a	aa
13	sp	--------------------------------
14	a	cc
14	sp	--------------------------------
15	a	ch
15	sp	--------------------------------
16	a	aa_
16	sp	--------------------------------
17	a	cc_
17	sp	--------------------------------
18	a	ch_
18	sp	--------------------------------
19	a	aa%
19	sp	--------------------------------
20	a	cc%
20	sp	--------------------------------
21	a	ch%
21	sp	--------------------------------
22	a	aaa
22	sp	--------------------------------
23	a	ccc
23	sp	--------------------------------
24	a	cch
24	sp	--------------------------------
25	a	aaa_
25	sp	--------------------------------
26	a	ccc_
26	sp	--------------------------------
27	a	cch_
27	sp	--------------------------------
28	a	aaa%
28	sp	--------------------------------
29	a	ccc%
29	sp	--------------------------------
30	a	cch%
30	sp	--------------------------------
31	a	aaaaaaaaaaaaaaaaaaaa
31	sp	--------------------------------
ALTER TABLE t1 MODIFY a VARCHAR(32) CHARACTER SET utf32;
SELECT * FROM v1;
id	name	val
1	a	
1	sp	--------------------------------
2	a	_
2	sp	--------------------------------
3	a	%
3	sp	--------------------------------
4	a	\_
4	sp	--------------------------------
5	a	\%
5	sp	--------------------------------
6	a	\
6	sp	--------------------------------
7	a	a
7	sp	--------------------------------
8	a	c
8	sp	--------------------------------
9	a	a_
9	sp	--------------------------------
10	a	c_
10	sp	--------------------------------
11	a	a%
11	sp	--------------------------------
12	a	c%
12	sp	--------------------------------
13	a	aa
13	sp	--------------------------------
14	a	cc
14	sp	--------------------------------
15	a	ch
15	sp	--------------------------------
16	a	aa_
16	sp	--------------------------------
17	a	cc_
17	sp	--------------------------------
18	a	ch_
18	sp	--------------------------------
19	a	aa%
19	sp	--------------------------------
20	a	cc%
20	sp	--------------------------------
21	a	ch%
21	sp	--------------------------------
22	a	aaa
22	sp	--------------------------------
23	a	ccc
23	sp	--------------------------------
24	a	cch
24	sp	--------------------------------
25	a	aaa_
25	sp	--------------------------------
26	a	ccc_
26	sp	--------------------------------
27	a	cch_
27	sp	--------------------------------
28	a	aaa%
28	sp	--------------------------------
29	a	ccc%
29	sp	--------------------------------
30	a	cch%
30	sp	--------------------------------
31	a	aaaaaaaaaaaaaaaaaaaa
31	sp	--------------------------------
ALTER TABLE t1 MODIFY a VARCHAR(32) CHARACTER SET utf32 COLLATE utf32_unicode_ci;
SELECT * FROM v1;
id	name	val
1	a	
1	sp	--------------------------------
2	a	_
2	sp	--------------------------------
3	a	%
3	sp	--------------------------------
4	a	\_
4	sp	--------------------------------
5	a	\%
5	sp	--------------------------------
6	a	\
6	sp	--------------------------------
7	a	a
7	sp	--------------------------------
8	a	c
8	sp	--------------------------------
9	a	a_
9	sp	--------------------------------
10	a	c_
10	sp	--------------------------------
11	a	a%
11	sp	--------------------------------
12	a	c%
12	sp	--------------------------------
13	a	aa
13	sp	--------------------------------
14	a	cc
14	sp	--------------------------------
15	a	ch
15	sp	--------------------------------
16	a	aa_
16	sp	--------------------------------
17	a	cc_
17	sp	--------------------------------
18	a	ch_
18	sp	--------------------------------
19	a	aa%
19	sp	--------------------------------
20	a	cc%
20	sp	--------------------------------
21	a	ch%
21	sp	--------------------------------
22	a	aaa
22	sp	--------------------------------
23	a	ccc
23	sp	--------------------------------
24	a	cch
24	sp	--------------------------------
25	a	aaa_
25	sp	--------------------------------
26	a	ccc_
26	sp	--------------------------------
27	a	cch_
27	sp	--------------------------------
28	a	aaa%
28	sp	--------------------------------
29	a	ccc%
29	sp	--------------------------------
30	a	cch%
30	sp	--------------------------------
31	a	aaaaaaaaaaaaaaaaaaaa
31	sp	--------------------------------
ALTER TABLE t1 MODIFY a VARCHAR(32) CHARACTER SET utf32 COLLATE utf32_czech_ci;
SELECT * FROM v1;
id	name	val
1	a	
1	sp	--------------------------------
2	a	_
2	sp	--------------------------------
3	a	%
3	sp	--------------------------------
4	a	\_
4	sp	--------------------------------
5	a	\%
5	sp	--------------------------------
6	a	\
6	sp	--------------------------------
7	a	a
7	sp	--------------------------------
8	a	c
8	sp	--------------------------------
9	a	a_
9	sp	--------------------------------
10	a	c_
10	sp	--------------------------------
11	a	a%
11	sp	--------------------------------
12	a	c%
12	sp	--------------------------------
13	a	aa
13	sp	--------------------------------
14	a	cc
14	sp	--------------------------------
15	a	ch
15	sp	--------------------------------
16	a	aa_
16	sp	--------------------------------
17	a	cc_
17	sp	--------------------------------
18	a	ch_
18	sp	--------------------------------
19	a	aa%
19	sp	--------------------------------
20	a	cc%
20	sp	--------------------------------
21	a	ch%
21	sp	--------------------------------
22	a	aaa
22	sp	--------------------------------
23	a	ccc
23	sp	--------------------------------
24	a	cch
24	sp	--------------------------------
25	a	aaa_
25	sp	--------------------------------
26	a	ccc_
26	sp	--------------------------------
27	a	cch_
27	sp	--------------------------------
28	a	aaa%
28	sp	--------------------------------
29	a	ccc%
29	sp	--------------------------------
30	a	cch%
30	sp	--------------------------------
31	a	aaaaaaaaaaaaaaaaaaaa
31	sp	--------------------------------
ALTER TABLE t1 MODIFY a VARCHAR(32) CHARACTER SET utf32 COLLATE utf32_danish_ci;
SELECT * FROM v1;
id	name	val
1	a	
1	sp	--------------------------------
2	a	_
2	sp	--------------------------------
3	a	%
3	sp	--------------------------------
4	a	\_
4	sp	--------------------------------
5	a	\%
5	sp	--------------------------------
6	a	\
6	sp	--------------------------------
7	a	a
7	sp	--------------------------------
8	a	c
8	sp	--------------------------------
9	a	a_
9	sp	--------------------------------
10	a	c_
10	sp	--------------------------------
11	a	a%
11	sp	--------------------------------
12	a	c%
12	sp	--------------------------------
13	a	aa
13	sp	--------------------------------
14	a	cc
14	sp	--------------------------------
15	a	ch
15	sp	--------------------------------
16	a	aa_
16	sp	--------------------------------
17	a	cc_
17	sp	--------------------------------
18	a	ch_
18	sp	--------------------------------
19	a	aa%
19	sp	--------------------------------
20	a	cc%
20	sp	--------------------------------
21	a	ch%
21	sp	--------------------------------
22	a	aaa
22	sp	--------------------------------
23	a	ccc
23	sp	--------------------------------
24	a	cch
24	sp	--------------------------------
25	a	aaa_
25	sp	--------------------------------
26	a	ccc_
26	sp	--------------------------------
27	a	cch_
27	sp	--------------------------------
28	a	aaa%
28	sp	--------------------------------
29	a	ccc%
29	sp	--------------------------------
30	a	cch%
30	sp	--------------------------------
31	a	aaaaaaaaaaaaaaaaaaaa
31	sp	--------------------------------
DROP VIEW v1;
DROP TABLE t1;
