set names ascii;
select 'e'='`';
'e'='`'
0
select 'y'='~';
'y'='~'
0
create table t1 (a char(1) character set ascii);
select t1a.a, t1b.a from t1 as t1a, t1 as t1b where t1a.a=t1b.a order by binary t1a.a, binary t1b.a;
a	a
drop table t1;
End of 5.0 tests.
