DROP TABLE IF EXISTS t1;
CREATE TABLE t1 (a INT, INDEX (a));
INSERT INTO t1 VALUES (),(),(),(),(),(),(),(),(),();
FLUSH STATUS;
SELECT a FROM t1 ORDER BY a LIMIT 1;
a
NULL
FLUSH STATUS;
SELECT a FROM t1 ORDER BY a DESC LIMIT 1;
a
NULL
FLUSH STATUS;
SELECT a FROM t1 ORDER BY a LIMIT 3;
a
NULL
NULL
NULL
FLUSH STATUS;
SELECT a FROM t1 ORDER BY a DESC LIMIT 3;
a
NULL
NULL
NULL
DROP TABLE t1;
