DROP TABLE IF EXISTS t1;
CREATE TABLE t1 (a INT primary key, b int, unique key (b)) ENGINE=InnoDB;
INSERT INTO t1 VALUES (1,1);
SET autocommit=1;
# Confirm that duplicate key errors on REPLACE works
REPLACE INTO t1 VALUES (1,1);
REPLACE INTO t1 VALUES (1,2);
BEGIN;
REPLACE INTO t1 VALUES (1,2);
SELECT * from t1;
a	b
1	2
REPLACE INTO t1 VALUES (1,1);
SELECT * from t1;
a	b
1	1
ROLLBACK;
BEGIN;
REPLACE INTO t1 VALUES (2,1);
INSERT INTO t1 VALUES (1,1);
ERROR 23000: Duplicate entry '1' for key 'PRIMARY'
INSERT INTO t1 VALUES (1,2);
ERROR 23000: Duplicate entry '1' for key 'PRIMARY'
INSERT INTO t1 VALUES (2,1);
ERROR 23000: Duplicate entry '2' for key 'PRIMARY'
ROLLBACK;
INSERT INTO t1 VALUES (1,1) ON DUPLICATE KEY UPDATE b=b+10;
INSERT INTO t1 VALUES (1,2) ON DUPLICATE KEY UPDATE b=b+10;
DROP TABLE t1;
