drop table if exists t;
create table t(id INT PRIMARY KEY);
insert into t values(1);
insert into t values(2);
insert into t values(3);
SELECT 1;
1
1
SELECT * FROM t AS t1, t AS t2;
id	id
1	1
2	1
3	1
1	2
2	2
3	2
1	3
2	3
3	3
SELECT 1;
1
1
DROP TABLE t;
