CREATE TABLE t(a INT) ENGINE=InnoDB;
INSERT INTO t VALUES (1), (2), (3);
SELECT * FROM t;
a
1
2
3
SELECT * FROM t;
a
1
2
3
DROP TABLE t;
